k,accuracy,CPU_time
3,0.48125,98.734375
4,0.5075,125.625
5,0.51855,159.3125
6,0.5276,222.375
7,0.53175,3103.125
8,0.5444,14308.96875
9,0.57505,50772.109375
