k,accuracy,CPU_time
3,0.57905,273.578125
4,0.60795,391.890625
5,0.63205,427.265625
6,0.6657,350.921875
7,0.7475,344.484375
8,0.89835,384.109375
9,0.98645,374.5
