k,accuracy,GPU_time
3,0.48125,175.296875
4,0.5075,199.84375
5,0.51855,274.375
6,0.5276,486.734375
7,0.53175,1281.578125
8,0.5444,4368.0625
9,0.57505,18303.625
