k,accuracy,GPU_time
3,0.60405,124.421875
4,0.63605,136.046875
5,0.66245,141.203125
6,0.69555,145.40625
7,0.7786,139.78125
8,0.91505,129.296875
9,0.9885,112.90625
