k,accuracy,CPU_time
3,0.60405,142.328125
4,0.6361,171.25
5,0.66255,189.0
6,0.6957,214.484375
7,0.7786,217.6875
8,0.91505,229.9375
9,0.9885,235.390625
