k,accuracy,GPU_time
3,0.57905,238.609375
4,0.6079,165.03125
5,0.6318,174.09375
6,0.6656,174.25
7,0.74745,167.453125
8,0.89835,133.53125
9,0.98645,113.984375
