k,accuracy,GPU_time
3,0.4686,212.125
4,0.38055,259.78125
5,0.3651,309.78125
6,0.38815,397.625
7,0.4104,1084.765625
8,0.4383,4023.0
9,0.48205,14913.875
