k,accuracy,CPU_time
3,0.4686,153.953125
4,0.38055,227.5
5,0.3651,250.0625
6,0.38815,386.96875
7,0.4104,2235.265625
8,0.4383,15228.734375
9,0.48205,51637.453125
