k,accuracy,CPU_time
3,0.57905,208.90625
4,0.60795,254.984375
5,0.63205,284.4375
6,0.6657,307.09375
7,0.7475,305.15625
8,0.89835,289.703125
9,0.98645,279.421875
