k,accuracy,CPU_time
3,0.47425,107.578125
4,0.4982,129.171875
5,0.51645,162.671875
6,0.52905,246.046875
7,0.53975,481.78125
8,0.55425,1840.09375
9,0.59685,60907.6875
